client,split,images,Normal,Pneumonia,COVID-19,source_covidqu,source_nih
client_00,train,3019,672,1641,706,3006,13
client_01,train,787,425,29,333,710,77
client_02,train,4715,581,1417,2717,4623,92
client_03,train,5699,3071,1877,751,5464,235
client_04,train,317,203,114,0,317,0
client_05,train,606,128,179,299,514,92
client_06,train,2530,430,324,1776,2528,2
client_07,train,1622,166,1138,318,1525,97
client_08,train,2189,1612,575,2,2184,5
client_09,train,949,77,117,755,843,106
client_00,val,746,164,407,175,738,8
client_01,val,195,118,4,73,184,11
client_02,val,1165,137,357,671,1149,16
client_03,val,1405,744,456,205,1359,46
client_04,val,79,50,29,0,79,0
client_05,val,150,25,53,72,140,10
client_06,val,625,118,80,427,625,0
client_07,val,399,39,284,76,381,18
client_08,val,541,394,145,2,541,0
client_09,val,234,12,21,201,220,14
